edad,hombres_con_vida_denuncia,hombres_sin_vida_denuncia,hombres_con_vida_reporte,hombres_sin_vida_reporte
00-04,88,2,31,1
05-09,84,1,38,0
10-14,416,7,81,0
15-19,931,124,149,30
20-24,1009,290,140,28
25-29,883,312,139,31
30-34,760,271,111,22
35-39,625,242,83,26
40-44,511,177,77,21
45-49,364,138,60,18
50-54,239,77,44,8
55-59,168,50,38,11
60-64,135,37,25,3
65-69,91,21,20,5
70-74,74,16,24,1
75-79,51,19,19,1
80-84,49,10,26,1
85-89,24,3,15,1
90-94,7,4,5,0
95-99,1,0,1,0
NO DISPONIBLE,11,1,6,4
